{"global_step": 286720, "_timestamp": 1665734163.266459, "Time/collect_computeV/Mean": 0.007899465039372444, "Time/collect_computeV/Sum": 2.0222630500793457, "Time/collect_rollout/Mean": 3.566596269607544, "Time/collect_rollout/Sum": 3.566596269607544, "time/fps": 3.0, "_runtime": 79540.45040106773, "_step": 69, "HPO/margin": 0.025071866810321808, "HPO/negative_advantage_prob": 0.1806241273880005, "HPO/positive_advantage_prob": 0.35119980573654175, "HPO/prob_ratio": 1652313.125, "HPO/rollout_return": -1.8841032981872559, "Time/train_action_adv/Mean": 0.011157984845340252, "Time/train_action_adv/Sum": 285.6444091796875, "Time/train_computeV/Mean": 0.016018209978938103, "Time/train_computeV/Sum": 410.066162109375, "Time/train_epoch/Mean": 1277.4241943359375, "Time/train_epoch/Sum": 1277.4241943359375, "Time/train_loss/Mean": 0.011654562316834927, "Time/train_loss/Sum": 298.3567810058594, "rollout/ep_len_mean": 169.4499969482422, "rollout/ep_rew_mean": -168.5399932861328, "train/active_example": 4096.0, "train/approx_kl": -0.018508344888687134, "train/clip_range": 0.20000000298023224, "train/entropy_loss": -0.052655383944511414, "train/explained_variance": 0.6864064931869507, "train/learning_rate": 0.009999999776482582, "train/loss": 0.12574154138565063, "train/n_updates": 6900.0, "train/policy_gradient_loss": 0.027631934732198715, "train/value_loss": 0.05056929960846901, "eval/mean_ep_length": 141.1999969482422, "eval/mean_reward": -140.1999969482422}