Wall time,Step,Value
1662318288.1117241,10240,9.399999618530273
1662318536.5739918,20224,9.199999809265137
1662318787.9191341,30208,9.399999618530273
1662319036.4324074,40192,9.600000381469727
1662319294.7264192,50176,9.399999618530273
1662319542.481083,60160,9.399999618530273
1662319790.0116577,70144,9.399999618530273
1662320037.5962105,80128,9.800000190734863
1662320286.6153939,90112,8.800000190734863
1662320547.1036863,100096,9.600000381469727
