Wall time,Step,Value
1662320810.6149256,10240,40.400001525878906
1662321056.4015243,20224,11.399999618530273
1662321306.5136344,30208,10.199999809265137
1662321562.0690877,40192,11.399999618530273
1662321818.2992349,50176,12.399999618530273
1662322082.142081,60160,12.199999809265137
1662322328.5684037,70144,13.800000190734863
1662322575.9094687,80128,14.800000190734863
1662322820.8713014,90112,17.799999237060547
1662323066.7309122,100096,16.399999618530273
