Wall time,Step,Value
1662323342.181631,10240,139.39999389648438
1662323590.2435083,20224,121.0
1662323837.874322,30208,156.0
1662324086.7690969,40192,406.20001220703125
1662324336.2438748,50176,421.20001220703125
1662324595.9645019,60160,342.0
1662324856.2183626,70144,318.3999938964844
1662325099.1539385,80128,446.6000061035156
1662325348.623782,90112,500.0
1662325611.2774653,100096,468.79998779296875
