Wall time,Step,Value
1662325876.718916,10240,224.8000030517578
1662326127.3559475,20224,500.0
1662326377.143595,30208,500.0
1662326628.2368274,40192,500.0
1662326878.4938684,50176,500.0
1662327129.2414155,60160,500.0
1662327380.0091918,70144,500.0
1662327630.2158928,80128,500.0
1662327880.6948185,90112,500.0
1662328131.4328818,100096,500.0
