Wall time,Step,Value
1662931007.8366387,10240,209.1999969482422
1662931463.4977176,20224,444.79998779296875
1662931919.0129101,30208,465.0
1662932377.7377374,40192,500.0
1662932832.5779493,50176,500.0
1662933290.7876256,60160,500.0
1662933748.8537662,70144,500.0
1662934207.0122616,80128,500.0
1662934666.1732368,90112,500.0
1662935130.0269103,100096,500.0
