Wall time,Step,Value
1662935602.2180192,10240,301.6000061035156
1662936075.2846735,20224,500.0
1662936542.8732152,30208,500.0
1662937001.5276349,40192,500.0
1662937450.4640894,50176,500.0
1662937910.9171886,60160,500.0
1662938359.2132504,70144,500.0
1662938806.2824664,80128,500.0
1662939253.1414492,90112,500.0
1662939713.4595015,100096,500.0
