Wall time,Step,Value
1662940197.318791,10240,152.60000610351562
1662940661.9899857,20224,178.1999969482422
1662941120.0040853,30208,474.0
1662941578.974952,40192,500.0
1662942037.2774582,50176,500.0
1662942494.8909152,60160,500.0
1662942953.2973092,70144,500.0
1662943411.762062,80128,500.0
1662943869.8677359,90112,500.0
1662944327.4113219,100096,500.0
