Wall time,Step,Value
1662944805.1954668,10240,269.6000061035156
1662945260.713915,20224,500.0
1662945717.0217862,30208,491.6000061035156
1662946174.3922613,40192,500.0
1662946629.90385,50176,500.0
1662947085.7659485,60160,500.0
1662947544.660016,70144,500.0
1662948000.3118706,80128,374.20001220703125
1662948456.903595,90112,500.0
1662948914.3974788,100096,500.0
