Wall time,Step,Value
1662912870.5630553,10240,500.0
1662913324.0243342,20224,412.20001220703125
1662913772.921302,30208,437.79998779296875
1662914222.8018067,40192,399.20001220703125
1662914666.9540095,50176,500.0
1662915113.6979213,60160,482.6000061035156
1662915561.325463,70144,474.6000061035156
1662916016.1038375,80128,489.3999938964844
1662916467.037213,90112,500.0
1662916910.731128,100096,500.0
