Wall time,Step,Value
1662917384.108693,10240,399.79998779296875
1662917832.5434065,20224,500.0
1662918282.1473494,30208,500.0
1662918733.4354458,40192,500.0
1662919188.3545365,50176,500.0
1662919635.5707276,60160,500.0
1662920081.3240447,70144,500.0
1662920533.0418322,80128,500.0
1662920985.261757,90112,500.0
1662921443.9193592,100096,500.0
