Wall time,Step,Value
1662921920.8043919,10240,258.79998779296875
1662922375.3643677,20224,420.0
1662922828.7366495,30208,500.0
1662923280.7334883,40192,282.79998779296875
1662923737.383256,50176,464.20001220703125
1662924188.8764217,60160,500.0
1662924637.874709,70144,500.0
1662925091.507132,80128,500.0
1662925536.8061073,90112,500.0
1662925981.1604948,100096,500.0
