Wall time,Step,Value
1662926450.59673,10240,267.6000061035156
1662926914.724672,20224,482.20001220703125
1662927361.427993,30208,500.0
1662927803.7958689,40192,500.0
1662928250.8598742,50176,500.0
1662928699.4394062,60160,500.0
1662929147.593378,70144,500.0
1662929594.3651714,80128,500.0
1662930054.7909665,90112,500.0
1662930529.7125978,100096,500.0
