Wall time,Step,Value
1661750873.6618576,10240,400.2132263183594
1661751259.5680869,20224,54.557559967041016
1661751647.7431526,30208,113.45488739013672
1661752032.0790372,40192,256.6170959472656
1661752414.1599712,50176,431.3327941894531
1661752802.2217908,60160,409.2643127441406
1661753186.8995318,70144,391.9904479980469
1661753571.6532671,80128,473.3763732910156
1661753959.9158485,90112,431.5249328613281
1661754348.7835047,100096,460.51568603515625
