Wall time,Step,Value
1661754766.0521476,10240,8.856194496154785
1661755136.6479356,20224,8.43692684173584
1661755506.3853621,30208,8.973220825195312
1661755880.4187832,40192,9.117071151733398
1661756253.856206,50176,9.76659870147705
1661756629.166202,60160,10.062251091003418
1661756998.038382,70144,9.140567779541016
1661757372.45478,80128,9.67469596862793
1661757749.5864198,90112,8.805440902709961
1661758130.5470483,100096,9.43602466583252
