Wall time,Step,Value
1661758543.2052252,10240,233.05801391601562
1661758929.8798776,20224,272.761962890625
1661759322.460114,30208,198.1370849609375
1661759709.7325387,40192,98.40763092041016
1661760098.2856953,50176,381.8434143066406
1661760489.7224035,60160,164.141357421875
1661760884.1515121,70144,394.9092712402344
1661761279.1725516,80128,369.0026550292969
1661761676.4077597,90112,445.357666015625
1661762069.8913817,100096,484.0151062011719
