Wall time,Step,Value
1661762485.9922118,10240,44.555084228515625
1661762875.328607,20224,121.65801239013672
1661763267.383,30208,261.0732116699219
1661763666.1696715,40192,500.4508056640625
1661764058.6699088,50176,500.31048583984375
1661764443.586838,60160,493.8058776855469
1661764832.5557246,70144,498.02874755859375
1661765216.525046,80128,430.4488220214844
1661765604.1244693,90112,387.88482666015625
1661765993.917944,100096,483.6192932128906
