Wall time,Step,Value
1661154938.8751097,10240,233.4065399169922
1661155040.7484024,20224,502.3931884765625
1661155142.754252,30208,398.58868408203125
1661155245.5962818,40192,500.0569763183594
1661155347.2489078,50176,494.5679626464844
1661155449.556056,60160,493.30810546875
1661155553.1753452,70144,503.0095520019531
1661155655.8023877,80128,502.8673400878906
1661155759.1397963,90112,500.12762451171875
1661155860.6926131,100096,508.0040283203125
