Wall time,Step,Value
1661157033.2836616,10240,12.10550308227539
1661157128.7891326,20224,192.13998413085938
1661157224.4258637,30208,186.87921142578125
1661157320.320969,40192,224.3796844482422
1661157416.8837888,50176,60.984859466552734
1661157517.2386694,60160,479.0166931152344
1661157623.4798548,70144,157.73313903808594
1661157725.7342992,80128,67.4058837890625
1661157819.765907,90112,135.5580291748047
1661157916.6306922,100096,506.5083312988281
