Wall time,Step,Value
1661158034.2406435,10240,166.66510009765625
1661158136.7385926,20224,397.69244384765625
1661158238.347854,30208,501.1089782714844
1661158340.4380374,40192,505.5732421875
1661158439.853774,50176,498.9775390625
1661158540.6656053,60160,505.4105224609375
1661158642.6890285,70144,496.6113586425781
1661158743.139067,80128,500.75933837890625
1661158845.153406,90112,509.21826171875
1661158946.004858,100096,507.8916320800781
