Wall time,Step,Value
1661918024.6970534,10240,323.0
1661918468.2598596,20224,447.3999938964844
1661918913.7745557,30208,500.0
1661919358.009581,40192,500.0
1661919803.831894,50176,500.0
1661920249.7972686,60160,500.0
1661920692.6066716,70144,500.0
1661921136.123486,80128,500.0
1661921581.5388615,90112,500.0
1661922027.178244,100096,500.0
