Wall time,Step,Value
1661922491.6695735,10240,9.399999618530273
1661922928.9938867,20224,9.399999618530273
1661923368.531431,30208,9.600000381469727
1661923807.195036,40192,9.399999618530273
1661924245.0772076,50176,9.399999618530273
1661924681.3400576,60160,9.0
1661925119.685294,70144,9.0
1661925555.2580009,80128,9.199999809265137
1661925990.3462818,90112,9.800000190734863
1661926423.5665767,100096,9.199999809265137
