Wall time,Step,Value
1661926886.426541,10240,390.79998779296875
1661927321.603865,20224,468.20001220703125
1661927754.303423,30208,433.20001220703125
1661928189.9071074,40192,428.79998779296875
1661928624.6799219,50176,500.0
1661929065.3184829,60160,500.0
1661929499.1260736,70144,500.0
1661929939.847636,80128,500.0
1661930380.5313387,90112,500.0
1661930821.2109501,100096,500.0
