Wall time,Step,Value
1661931287.5571613,10240,440.3999938964844
1661931727.0056624,20224,470.0
1661932166.3950183,30208,403.0
1661932605.766076,40192,477.79998779296875
1661933045.6088,50176,473.6000061035156
1661933485.5727792,60160,482.0
1661933925.6239033,70144,487.79998779296875
1661934365.929076,80128,500.0
1661934805.8400612,90112,500.0
1661935245.7271945,100096,500.0
