Wall time,Step,Value
1662452694.301707,10240,333.6000061035156
1662453154.9181702,20224,500.0
1662453601.8193393,30208,500.0
1662454058.3189738,40192,500.0
1662454510.303077,50176,500.0
1662454963.9122372,60160,500.0
1662455416.2579992,70144,500.0
1662455866.5900192,80128,500.0
1662456316.2197907,90112,500.0
1662456784.069498,100096,500.0
