Wall time,Step,Value
1662457258.2496998,10240,264.0
1662457704.8302116,20224,408.20001220703125
1662458153.6729696,30208,481.6000061035156
1662458609.2349553,40192,445.20001220703125
1662459054.874159,50176,500.0
1662459503.5836072,60160,500.0
1662459954.5465922,70144,500.0
1662460422.9009256,80128,500.0
1662460870.6778092,90112,500.0
1662461315.9408028,100096,500.0
