Wall time,Step,Value
1662461791.87363,10240,456.0
1662462235.6865196,20224,500.0
1662462690.8550763,30208,500.0
1662463141.3941228,40192,500.0
1662463591.576701,50176,500.0
1662464053.6802337,60160,500.0
1662464518.5848355,70144,500.0
1662464976.8380263,80128,318.20001220703125
1662465445.1112044,90112,500.0
1662465896.1630645,100096,500.0
