Wall time,Step,Value
1662466392.5313284,10240,500.0
1662466848.1600156,20224,500.0
1662467297.2301228,30208,500.0
1662467760.0110803,40192,500.0
1662468223.8235714,50176,500.0
1662468686.3791733,60160,500.0
1662469144.6300597,70144,500.0
1662469621.3113794,80128,500.0
1662470084.4743247,90112,500.0
1662470535.9728699,100096,500.0
