Wall time,Step,Value
1662471023.7627919,10240,477.6000061035156
1662471477.9034097,20224,500.0
1662471928.786623,30208,500.0
1662472377.708244,40192,500.0
1662472824.6115134,50176,500.0
1662473281.7772975,60160,500.0
1662473734.81316,70144,500.0
1662474186.2287126,80128,500.0
1662474637.697529,90112,500.0
1662475087.6836371,100096,500.0
