Wall time,Step,Value
1662013119.6878788,10240,366.3999938964844
1662013554.3774471,20224,467.0
1662013987.2053888,30208,500.0
1662014420.3172603,40192,500.0
1662014854.4990866,50176,500.0
1662015288.6988215,60160,500.0
1662015723.1905756,70144,500.0
1662016156.909144,80128,500.0
1662016589.5318637,90112,500.0
1662017022.7987194,100096,500.0
