Wall time,Step,Value
1662017478.569412,10240,9.399999618530273
1662017908.4678936,20224,46.599998474121094
1662018342.1563473,30208,428.0
1662018777.1104162,40192,477.3999938964844
1662019212.114237,50176,500.0
1662019648.5049129,60160,500.0
1662020084.2691345,70144,500.0
1662020521.7096686,80128,500.0
1662020957.7636094,90112,500.0
1662021391.311626,100096,500.0
