Wall time,Step,Value
1662021848.297729,10240,191.0
1662022291.7787077,20224,316.79998779296875
1662022725.0975544,30208,312.20001220703125
1662023154.2432187,40192,358.20001220703125
1662023583.7409012,50176,367.6000061035156
1662024005.2986693,60160,462.79998779296875
1662024427.0101888,70144,484.3999938964844
1662024856.069979,80128,485.0
1662025291.1139143,90112,500.0
1662025722.6545615,100096,500.0
