Wall time,Step,Value
1662026176.3343465,10240,489.20001220703125
1662026599.656156,20224,419.79998779296875
1662027030.1296995,30208,500.0
1662027457.3501587,40192,500.0
1662027888.2154632,50176,500.0
1662028322.64032,60160,500.0
1662028756.3849843,70144,500.0
1662029190.5828464,80128,500.0
1662029625.6064594,90112,500.0
1662030058.4750288,100096,500.0
