Wall time,Step,Value
1661680864.7997007,10240,36.50909423828125
1661681259.1137068,20224,40.25347900390625
1661681653.466264,30208,281.1531677246094
1661682045.7483423,40192,69.89443969726562
1661682436.9135852,50176,95.77446746826172
1661682830.5812714,60160,50.55905532836914
1661683224.9843395,70144,48.7016487121582
1661683615.93044,80128,32.285152435302734
1661684004.7791476,90112,72.3356704711914
1661684393.0821998,100096,114.32042694091797
