Wall time,Step,Value
1661684809.7259645,10240,83.01460266113281
1661685200.956545,20224,93.3720932006836
1661685591.073792,30208,60.72572326660156
1661685978.924579,40192,73.76167297363281
1661686369.7854283,50176,99.87712097167969
1661686761.6412778,60160,147.13055419921875
1661687148.4757268,70144,150.6477508544922
1661687536.3963327,80128,299.7325439453125
1661687922.4899707,90112,364.0655212402344
1661688314.6517766,100096,418.23583984375
