Wall time,Step,Value
1661688721.0556448,10240,8.856194496154785
1661689106.1745217,20224,8.43692684173584
1661689498.1628752,30208,8.973220825195312
1661689884.1651573,40192,9.117071151733398
1661690280.5591278,50176,9.76659870147705
1661690678.3083751,60160,10.062251091003418
1661691064.3200936,70144,9.140567779541016
1661691444.1441689,80128,9.67469596862793
1661691827.8731916,90112,8.805440902709961
1661692212.7834697,100096,9.43602466583252
