Wall time,Step,Value
1661696534.847657,10240,52.230770111083984
1661696924.3957632,20224,155.43035888671875
1661697312.7852268,30208,208.66574096679688
1661697709.4746768,40192,499.98046875
1661698107.657518,50176,435.92230224609375
1661698500.6082857,60160,405.98876953125
1661698886.3405623,70144,452.2103576660156
1661699265.823613,80128,408.00927734375
1661699652.0139105,90112,488.2691955566406
1661700035.56112,100096,391.4824523925781
