{"global_step": 24576, "_timestamp": 1665735033.0787034, "Time/collect_computeV/Mean": 0.007947512902319431, "Time/collect_computeV/Sum": 2.0345633029937744, "Time/collect_rollout/Mean": 3.5869572162628174, "Time/collect_rollout/Sum": 3.5869572162628174, "rollout/ep_len_mean": 266.5333251953125, "rollout/ep_rew_mean": -265.9599914550781, "time/fps": 5.0, "_runtime": 4219.294176340103, "_step": 5, "HPO/margin": 0.07829535752534866, "HPO/negative_advantage_prob": 0.469969242811203, "HPO/positive_advantage_prob": 0.5300307869911194, "HPO/prob_ratio": 2.474447011947632, "HPO/rollout_return": -2.427245855331421, "Time/train_action_adv/Mean": 0.04459191858768463, "Time/train_action_adv/Sum": 285.3882751464844, "Time/train_computeV/Mean": 0.01614023745059967, "Time/train_computeV/Sum": 103.29752349853516, "Time/train_epoch/Mean": 833.5110473632812, "Time/train_epoch/Sum": 833.5110473632812, "Time/train_loss/Mean": 0.04700522497296333, "Time/train_loss/Sum": 300.83343505859375, "train/active_example": 4096.0, "train/approx_kl": 0.2986123561859131, "train/clip_range": 0.20000000298023224, "train/entropy_loss": -0.6709628701210022, "train/explained_variance": -0.05076444149017334, "train/learning_rate": 0.009999999776482582, "train/loss": 3.318727493286133, "train/n_updates": 5400.0, "train/policy_gradient_loss": 0.1333988904953003, "train/value_loss": 0.15492680668830872, "eval/mean_ep_length": 500.0, "eval/mean_reward": -500.0}