{"global_step": 258048, "_timestamp": 1665734117.7554855, "Time/collect_computeV/Mean": 0.014396252110600471, "Time/collect_computeV/Sum": 3.6854405403137207, "Time/collect_rollout/Mean": 5.244068145751953, "Time/collect_rollout/Sum": 5.244068145751953, "time/fps": 3.0, "_runtime": 79501.94351243973, "_step": 62, "HPO/margin": 0.037055376917123795, "HPO/negative_advantage_prob": 0.27800503373146057, "HPO/positive_advantage_prob": 0.5868390798568726, "HPO/prob_ratio": 1850765.5, "HPO/rollout_return": -1.3432365655899048, "Time/train_action_adv/Mean": 0.010902689769864082, "Time/train_action_adv/Sum": 279.1088562011719, "Time/train_computeV/Mean": 0.02054360881447792, "Time/train_computeV/Sum": 525.9163818359375, "Time/train_epoch/Mean": 1414.569580078125, "Time/train_epoch/Sum": 1414.569580078125, "Time/train_loss/Mean": 0.011565988883376122, "Time/train_loss/Sum": 296.0893249511719, "rollout/ep_len_mean": 104.0199966430664, "rollout/ep_rew_mean": -103.0199966430664, "train/active_example": 4096.0, "train/approx_kl": 0.02575148642063141, "train/clip_range": 0.20000000298023224, "train/entropy_loss": -0.10650143772363663, "train/explained_variance": 0.900687575340271, "train/learning_rate": 0.009999999776482582, "train/loss": 0.0, "train/n_updates": 6200.0, "train/policy_gradient_loss": 0.0012977486476302147, "train/value_loss": 0.007021632045507431, "eval/mean_ep_length": 98.80000305175781, "eval/mean_reward": -97.80000305175781}