Wall time,Step,Value
1661160069.741911,10240,18.69612693786621
1661160172.3992872,20224,21.37538719177246
1661160276.0630598,30208,312.6446533203125
1661160377.7942448,40192,502.2110900878906
1661160478.7961931,50176,199.96946716308594
1661160579.9844296,60160,10.853568077087402
1661160682.619591,70144,464.71954345703125
1661160784.1121879,80128,77.29779052734375
1661160887.701443,90112,288.8144226074219
1661160991.2413657,100096,374.84619140625
