Wall time,Step,Value
1661161110.157509,10240,53.757530212402344
1661161213.4547238,20224,9.897942543029785
1661161315.4180872,30208,9.259140014648438
1661161418.437874,40192,9.566125869750977
1661161520.5166357,50176,8.057951927185059
1661161623.4420416,60160,9.564900398254395
1661161727.006183,70144,8.422820091247559
1661161828.440449,80128,9.668770790100098
1661161930.0626829,90112,9.757472038269043
1661162036.3240418,100096,9.614585876464844
