Wall time,Step,Value
1661163189.1467721,10240,475.9200439453125
1661163291.6648185,20224,499.9482116699219
1661163393.4457068,30208,498.4165954589844
1661163545.8945174,40192,502.83447265625
1661163722.1398604,50176,513.13037109375
1661163898.749426,60160,502.2263488769531
1661164071.879359,70144,136.1845245361328
1661164173.8079414,80128,115.42081451416016
1661164275.0613346,90112,116.6444320678711
1661164375.5944507,100096,90.60084533691406
