Wall time,Step,Value
1661164495.621345,10240,8.440886497497559
1661164601.4557593,20224,8.269185066223145
1661164705.211068,30208,15.174978256225586
1661164808.2558758,40192,188.7635955810547
1661164911.218847,50176,501.4817810058594
1661165015.3732514,60160,408.2911071777344
1661165120.25666,70144,501.13433837890625
1661165224.628314,80128,502.9950256347656
1661165329.711206,90112,491.6980285644531
1661165434.9303157,100096,500.28912353515625
