{"global_step": 150784, "_timestamp": 1665735613.136859, "Time/collect_computeV/Mean": 0.014290639199316502, "Time/collect_computeV/Sum": 3.6584036350250244, "Time/collect_rollout/Mean": 4.80886173248291, "Time/collect_rollout/Sum": 4.80886173248291, "time/fps": 1.0, "_runtime": 92754.38447594643, "_step": 588, "HPO/margin": 0.006470631342381239, "HPO/negative_advantage_prob": 0.05087057128548622, "HPO/positive_advantage_prob": 0.08153178542852402, "HPO/prob_ratio": 1180107.375, "HPO/rollout_return": -1.813398838043213, "Time/train_action_adv/Mean": 0.010895085521042347, "Time/train_action_adv/Sum": 34.86427307128906, "Time/train_computeV/Mean": 0.020534396171569824, "Time/train_computeV/Sum": 65.71006774902344, "Time/train_epoch/Mean": 176.53306579589844, "Time/train_epoch/Sum": 176.53306579589844, "Time/train_loss/Mean": 0.011339631862938404, "Time/train_loss/Sum": 36.28681945800781, "rollout/ep_len_mean": 158.85000610351562, "rollout/ep_rew_mean": -157.85000610351562, "train/active_example": 256.0, "train/approx_kl": 0.0, "train/clip_range": 0.20000000298023224, "train/entropy_loss": -0.017889879643917084, "train/explained_variance": 0.9110339879989624, "train/learning_rate": 0.009999999776482582, "train/loss": 0.0, "train/n_updates": 117600.0, "train/policy_gradient_loss": 5.681012407876551e-05, "train/value_loss": 0.0035010469146072865, "eval/mean_ep_length": 165.8000030517578, "eval/mean_reward": -164.8000030517578}