{"global_step": 23808, "_timestamp": 1665654761.6341703, "Time/collect_computeV/Mean": 0.012451320886611938, "Time/collect_computeV/Sum": 3.1875381469726562, "Time/collect_rollout/Mean": 4.191196441650391, "Time/collect_rollout/Sum": 4.191196441650391, "time/fps": 2.0, "_runtime": 11902.88178730011, "_step": 92, "HPO/margin": 0.03728320449590683, "HPO/negative_advantage_prob": 0.26497483253479004, "HPO/positive_advantage_prob": 0.5810408592224121, "HPO/prob_ratio": 1566330.125, "HPO/rollout_return": -2.2350215911865234, "Time/train_action_adv/Mean": 0.00896657444536686, "Time/train_action_adv/Sum": 28.693037033081055, "Time/train_computeV/Mean": 0.01765872724354267, "Time/train_computeV/Sum": 56.50792694091797, "Time/train_epoch/Mean": 152.101318359375, "Time/train_epoch/Sum": 152.101318359375, "Time/train_loss/Mean": 0.009291221387684345, "Time/train_loss/Sum": 29.731908798217773, "rollout/ep_len_mean": 334.83099365234375, "rollout/ep_rew_mean": -334.1126708984375, "train/active_example": 130.0, "train/approx_kl": -0.003643319010734558, "train/clip_range": 0.20000000298023224, "train/entropy_loss": -0.14364191889762878, "train/explained_variance": 0.8714355230331421, "train/learning_rate": 0.009999999776482582, "train/loss": 0.0, "train/n_updates": 18400.0, "train/policy_gradient_loss": 0.005032804794609547, "train/value_loss": 0.006466697435826063, "eval/mean_ep_length": 210.0, "eval/mean_reward": -209.0}