Wall time,Step,Value
1662530316.0486507,10240,262.3999938964844
1662530770.8107896,20224,476.20001220703125
1662531220.927995,30208,500.0
1662531800.9472625,40192,500.0
1662533176.5283737,50176,500.0
1662534552.8049266,60160,500.0
1662535445.6300187,70144,500.0
1662536894.2902699,80128,500.0
1662537923.9873157,90112,500.0
1662538812.8630998,100096,500.0
