Wall time,Step,Value
1662539877.62826,10240,372.79998779296875
1662540778.3989441,20224,500.0
1662541661.6231594,30208,500.0
1662542547.3052096,40192,500.0
1662543431.6233037,50176,500.0
1662544318.4500835,60160,500.0
1662545203.9095495,70144,500.0
1662546083.7168248,80128,500.0
1662546962.858797,90112,500.0
1662547843.37525,100096,500.0
