Wall time,Step,Value
1662548774.8022919,10240,332.0
1662549659.776524,20224,376.20001220703125
1662550548.0633304,30208,401.79998779296875
1662551426.346751,40192,484.20001220703125
1662552313.5028417,50176,492.0
1662553198.7794843,60160,484.6000061035156
1662554090.125562,70144,500.0
1662554983.6041014,80128,500.0
1662555874.0465677,90112,500.0
1662556759.2200503,100096,500.0
