Wall time,Step,Value
1662557536.770633,10240,435.20001220703125
1662558058.5258775,20224,469.3999938964844
1662558506.9610276,30208,500.0
1662558955.3546016,40192,500.0
1662559402.6838093,50176,500.0
1662559851.5145655,60160,500.0
1662560300.2613463,70144,500.0
1662560749.1962614,80128,500.0
1662561196.9824002,90112,500.0
1662561645.9587693,100096,500.0
